{"JavaScript": {"JavaScript": 2.831941657083129, "C_Sharp": 1.1209673254296055, "PHP": 1.4372084273173735, "Cascading_Style_Sheets": 2.2013148335045174, "Java": 0.6983164593654638, "Python": 0.4190085069202178, "Ruby": 1.3101018039670143, "Bash": 0.05935293484334749, "SQL": 0.38124819871778726, "C++": -0.40918477671989195}, "C_Sharp": {"JavaScript": 1.1209673254296055, "C_Sharp": 3.412807879140674, "PHP": 0.019978747149035338, "Cascading_Style_Sheets": 0.9674320681093088, "Java": 0.048302424177149, "Python": 0.029095811819538145, "Ruby": -0.2902562099652187, "Bash": -1.3056909921544206, "SQL": 1.065062390027775, "C++": 1.205755212868192}, "PHP": {"JavaScript": 1.4372084273173735, "C_Sharp": 0.019978747149035338, "PHP": 4.526708860323874, "Cascading_Style_Sheets": 1.7858688363986732, "Java": -0.21404061990604017, "Python": 0.4890703255960741, "Ruby": 1.0749591994988876, "Bash": 0.5013571695887248, "SQL": 0.42976351640171595, "C++": -0.10071193459903723}, "Cascading_Style_Sheets": {"JavaScript": 2.2013148335045174, "C_Sharp": 0.9674320681093088, "PHP": 1.7858688363986732, "Cascading_Style_Sheets": 3.7924036072704213, "Java": 0.5777104305355564, "Python": -0.3252776351309149, "Ruby": 0.9160180913489965, "Bash": -0.23294808346472812, "SQL": 0.42692430821034505, "C++": -0.6118736363382802}, "Java": {"JavaScript": 0.6983164593654638, "C_Sharp": 0.048302424177149, "PHP": -0.21404061990604017, "Cascading_Style_Sheets": 0.5777104305355564, "Java": 2.0393542288972335, "Python": 0.6571221617862217, "Ruby": 0.5012538549093388, "Bash": 0.15406870165835526, "SQL": 0.3388826934260686, "C++": 0.4682903293447484}, "Python": {"JavaScript": 0.4190085069202178, "C_Sharp": 0.029095811819538145, "PHP": 0.4890703255960741, "Cascading_Style_Sheets": -0.3252776351309149, "Java": 0.6571221617862217, "Python": 3.396391641806012, "Ruby": 1.6986611222262333, "Bash": 2.0451886004973914, "SQL": 0.17100113591661756, "C++": 1.3339202043446374}, "Ruby": {"JavaScript": 1.3101018039670143, "C_Sharp": -0.2902562099652187, "PHP": 1.0749591994988876, "Cascading_Style_Sheets": 0.9160180913489965, "Java": 0.5012538549093388, "Python": 1.6986611222262333, "Ruby": 4.350005295834142, "Bash": 2.029401697337419, "SQL": 0.20505073272562394, "C++": -0.27741549908876856}, "Bash": {"JavaScript": 0.05935293484334749, "C_Sharp": -1.3056909921544206, "PHP": 0.5013571695887248, "Cascading_Style_Sheets": -0.23294808346472812, "Java": 0.15406870165835526, "Python": 2.0451886004973914, "Ruby": 2.029401697337419, "Bash": 5.2804806627002545, "SQL": 0.2435280602866249, "C++": 1.346207048337288}, "SQL": {"JavaScript": 0.38124819871778726, "C_Sharp": 1.065062390027775, "PHP": 0.42976351640171595, "Cascading_Style_Sheets": 0.42692430821034505, "Java": 0.3388826934260686, "Python": 0.17100113591661756, "Ruby": 0.20505073272562394, "Bash": 0.2435280602866249, "SQL": 1.7431511067135188, "C++": -0.24521235859413373}, "C++": {"JavaScript": -0.40918477671989195, "C_Sharp": 1.205755212868192, "PHP": -0.10071193459903723, "Cascading_Style_Sheets": -0.6118736363382802, "Java": 0.4682903293447484, "Python": 1.3339202043446374, "Ruby": -0.27741549908876856, "Bash": 1.346207048337288, "SQL": -0.24521235859413373, "C++": 3.985264377952547}}