{
  "Java": {
    "Java": 2.0393542288972335,
    "C++": 0.4682903293447484,
    "C_Sharp": 0.048302424177149,
    "Cascading_Style_Sheets": 0.5777104305355564,
    "PHP": -0.21404061990604017,
    "Bash": 0.15406870165835526,
    "JavaScript": 0.6983164593654638,
    "Python": 0.6571221617862217,
    "Ruby": 0.5012538549093388,
    "SQL": 0.3388826934260686
  },
  "C++": {
    "Java": 0.4682903293447484,
    "C++": 3.985264377952547,
    "C_Sharp": 1.205755212868192,
    "Cascading_Style_Sheets": -0.6118736363382802,
    "PHP": -0.10071193459903723,
    "Bash": 1.346207048337288,
    "JavaScript": -0.40918477671989195,
    "Python": 1.3339202043446374,
    "Ruby": -0.27741549908876856,
    "SQL": -0.24521235859413373
  },
  "C_Sharp": {
    "Java": 0.048302424177149,
    "C++": 1.205755212868192,
    "C_Sharp": 3.412807879140674,
    "Cascading_Style_Sheets": 0.9674320681093088,
    "PHP": 0.019978747149035338,
    "Bash": -1.3056909921544206,
    "JavaScript": 1.1209673254296055,
    "Python": 0.029095811819538145,
    "Ruby": -0.2902562099652187,
    "SQL": 1.065062390027775
  },
  "Cascading_Style_Sheets": {
    "Java": 0.5777104305355564,
    "C++": -0.6118736363382802,
    "C_Sharp": 0.9674320681093088,
    "Cascading_Style_Sheets": 3.7924036072704213,
    "PHP": 1.7858688363986732,
    "Bash": -0.23294808346472812,
    "JavaScript": 2.2013148335045174,
    "Python": -0.3252776351309149,
    "Ruby": 0.9160180913489965,
    "SQL": 0.42692430821034505
  },
  "PHP": {
    "Java": -0.21404061990604017,
    "C++": -0.10071193459903723,
    "C_Sharp": 0.019978747149035338,
    "Cascading_Style_Sheets": 1.7858688363986732,
    "PHP": 4.526708860323874,
    "Bash": 0.5013571695887248,
    "JavaScript": 1.4372084273173735,
    "Python": 0.4890703255960741,
    "Ruby": 1.0749591994988876,
    "SQL": 0.42976351640171595
  },
  "Bash": {
    "Java": 0.15406870165835526,
    "C++": 1.346207048337288,
    "C_Sharp": -1.3056909921544206,
    "Cascading_Style_Sheets": -0.23294808346472812,
    "PHP": 0.5013571695887248,
    "Bash": 5.2804806627002545,
    "JavaScript": 0.05935293484334749,
    "Python": 2.0451886004973914,
    "Ruby": 2.029401697337419,
    "SQL": 0.2435280602866249
  },
  "JavaScript": {
    "Java": 0.6983164593654638,
    "C++": -0.40918477671989195,
    "C_Sharp": 1.1209673254296055,
    "Cascading_Style_Sheets": 2.2013148335045174,
    "PHP": 1.4372084273173735,
    "Bash": 0.05935293484334749,
    "JavaScript": 2.831941657083129,
    "Python": 0.4190085069202178,
    "Ruby": 1.3101018039670143,
    "SQL": 0.38124819871778726
  },
  "Python": {
    "Java": 0.6571221617862217,
    "C++": 1.3339202043446374,
    "C_Sharp": 0.029095811819538145,
    "Cascading_Style_Sheets": -0.3252776351309149,
    "PHP": 0.4890703255960741,
    "Bash": 2.0451886004973914,
    "JavaScript": 0.4190085069202178,
    "Python": 3.396391641806012,
    "Ruby": 1.6986611222262333,
    "SQL": 0.17100113591661756
  },
  "Ruby": {
    "Java": 0.5012538549093388,
    "C++": -0.27741549908876856,
    "C_Sharp": -0.2902562099652187,
    "Cascading_Style_Sheets": 0.9160180913489965,
    "PHP": 1.0749591994988876,
    "Bash": 2.029401697337419,
    "JavaScript": 1.3101018039670143,
    "Python": 1.6986611222262333,
    "Ruby": 4.350005295834142,
    "SQL": 0.20505073272562394
  },
  "SQL": {
    "Java": 0.3388826934260686,
    "C++": -0.24521235859413373,
    "C_Sharp": 1.065062390027775,
    "Cascading_Style_Sheets": 0.42692430821034505,
    "PHP": 0.42976351640171595,
    "Bash": 0.2435280602866249,
    "JavaScript": 0.38124819871778726,
    "Python": 0.17100113591661756,
    "Ruby": 0.20505073272562394,
    "SQL": 1.7431511067135188
  }
}