{
  "JavaScript": {
    "JavaScript": 1.0,
    "C_Sharp": 0.5525410228976247,
    "PHP": 0.48962681567641814,
    "Cascading_Style_Sheets": 0.45187426736724395,
    "Java": 0.4150374992788437,
    "Python": 0.6983443001199077,
    "Ruby": 0.6983443001199077,
    "Bash": 0.6924271979297256,
    "SQL": 0.4854268271187169,
    "C++": 0.4854268271187169
  },
  "C_Sharp": {
    "JavaScript": 0.4608411888556103,
    "C_Sharp": 1.0,
    "PHP": 0.1878600153670205,
    "Cascading_Style_Sheets": 0.28950661719498505,
    "Java": 0.38378656526431665,
    "Python": 0.3163685695213598,
    "Ruby": 0.3163685695213598,
    "Bash": 0.39453184383135415,
    "SQL": 0.4786535985469911,
    "C++": 0.5755021714348687
  },
  "PHP": {
    "JavaScript": 0.5923420309961607,
    "C_Sharp": 0.3119440062134015,
    "PHP": 1.0,
    "Cascading_Style_Sheets": 0.3119440062134015,
    "Java": 0.4722112076067579,
    "Python": 0.8285195317966422,
    "Ruby": 0.757054746546169,
    "Bash": 0.7577990972237556,
    "SQL": 0.351472370420705,
    "C++": 0.43440282403659797
  },
  "Cascading_Style_Sheets": {
    "JavaScript": 0.38378656526431665,
    "C_Sharp": 0.28950661719498505,
    "PHP": 0.1878600153670205,
    "Cascading_Style_Sheets": 1.0,
    "Java": 0.29956028183578765,
    "Python": 0.3163685695213598,
    "Ruby": 0.3163685695213598,
    "Bash": 0.39453184383135415,
    "SQL": 0.4786535985469911,
    "C++": 0.37381483653245284
  },
  "Java": {
    "JavaScript": 0.4150374992788437,
    "C_Sharp": 0.45187426736724395,
    "PHP": 0.3997707426066851,
    "Cascading_Style_Sheets": 0.3479233033578526,
    "Java": 1.0,
    "Python": 0.5004289905003884,
    "Ruby": 0.5004289905003884,
    "Bash": 0.42223300062383246,
    "SQL": 0.39898955800927216,
    "C++": 0.5682837595051098
  },
  "Python": {
    "JavaScript": 0.6948801927835253,
    "C_Sharp": 0.3546648812437728,
    "PHP": 0.5944673494677525,
    "Cascading_Style_Sheets": 0.3546648812437728,
    "Java": 0.49871599461694116,
    "Python": 1.0,
    "Ruby": 0.8365012677171205,
    "Bash": 0.7884958945992029,
    "SQL": 0.4080847386069202,
    "C++": 0.4080847386069202
  },
  "Ruby": {
    "JavaScript": 0.6948801927835253,
    "C_Sharp": 0.3546648812437728,
    "PHP": 0.5627096938509547,
    "Cascading_Style_Sheets": 0.3546648812437728,
    "Java": 0.49871599461694116,
    "Python": 0.8365012677171205,
    "Ruby": 1.0,
    "Bash": 0.7884958945992029,
    "SQL": 0.4080847386069202,
    "C++": 0.4080847386069202
  },
  "Bash": {
    "JavaScript": 0.5977297967505456,
    "C_Sharp": 0.3973354975301803,
    "PHP": 0.42392559539801167,
    "Cascading_Style_Sheets": 0.3973354975301803,
    "Java": 0.38097566317895015,
    "Python": 0.6918777045848222,
    "Ruby": 0.6918777045848222,
    "Bash": 1.0,
    "SQL": 0.46421034124717364,
    "C++": 0.46421034124717364
  },
  "SQL": {
    "JavaScript": 0.4545658634384036,
    "C_Sharp": 0.4923963819438385,
    "PHP": 0.2461605872562405,
    "Cascading_Style_Sheets": 0.4923963819438385,
    "Java": 0.3757575115957684,
    "Python": 0.39326687658802945,
    "Ruby": 0.39326687658802945,
    "Bash": 0.46712601041149876,
    "SQL": 1.0,
    "C++": 0.5405683813627028
  },
  "C++": {
    "JavaScript": 0.4545658634384036,
    "C_Sharp": 0.5947435214540602,
    "PHP": 0.29828525300146463,
    "Cascading_Style_Sheets": 0.3833286395236276,
    "Java": 0.5281764745963243,
    "Python": 0.39326687658802945,
    "Ruby": 0.39326687658802945,
    "Bash": 0.46712601041149876,
    "SQL": 0.5405683813627028,
    "C++": 1.0
  }
}